[{"model": "users.user", "pk": 1, "fields": {"password": "argon2$argon2id$v=19$m=102400,t=2,p=8$RkR6bVJ4ZWMxSTVBalAwZG5teW1hRw$Fmb2D/bCZzSM4F0QzCwA+Q", "last_login": "2021-10-22T18:59:23.286Z", "is_superuser": true, "is_staff": true, "is_active": true, "date_joined": "2021-10-22T18:59:19.120Z", "email": "e.kondr01@gmail.com", "groups": [], "user_permissions": []}}, {"model": "auth.permission", "pk": 1, "fields": {"name": "Can add user", "content_type": 1, "codename": "add_user"}}, {"model": "auth.permission", "pk": 2, "fields": {"name": "Can change user", "content_type": 1, "codename": "change_user"}}, {"model": "auth.permission", "pk": 3, "fields": {"name": "Can delete user", "content_type": 1, "codename": "delete_user"}}, {"model": "auth.permission", "pk": 4, "fields": {"name": "Can view user", "content_type": 1, "codename": "view_user"}}, {"model": "auth.permission", "pk": 5, "fields": {"name": "Can add permission", "content_type": 2, "codename": "add_permission"}}, {"model": "auth.permission", "pk": 6, "fields": {"name": "Can change permission", "content_type": 2, "codename": "change_permission"}}, {"model": "auth.permission", "pk": 7, "fields": {"name": "Can delete permission", "content_type": 2, "codename": "delete_permission"}}, {"model": "auth.permission", "pk": 8, "fields": {"name": "Can view permission", "content_type": 2, "codename": "view_permission"}}, {"model": "auth.permission", "pk": 9, "fields": {"name": "Can add group", "content_type": 3, "codename": "add_group"}}, {"model": "auth.permission", "pk": 10, "fields": {"name": "Can change group", "content_type": 3, "codename": "change_group"}}, {"model": "auth.permission", "pk": 11, "fields": {"name": "Can delete group", "content_type": 3, "codename": "delete_group"}}, {"model": "auth.permission", "pk": 12, "fields": {"name": "Can view group", "content_type": 3, "codename": "view_group"}}, {"model": "auth.permission", "pk": 13, "fields": {"name": "Can add content type", "content_type": 4, "codename": "add_contenttype"}}, {"model": "auth.permission", "pk": 14, "fields": {"name": "Can change content type", "content_type": 4, "codename": "change_contenttype"}}, {"model": "auth.permission", "pk": 15, "fields": {"name": "Can delete content type", "content_type": 4, "codename": "delete_contenttype"}}, {"model": "auth.permission", "pk": 16, "fields": {"name": "Can view content type", "content_type": 4, "codename": "view_contenttype"}}, {"model": "auth.permission", "pk": 17, "fields": {"name": "Can add session", "content_type": 5, "codename": "add_session"}}, {"model": "auth.permission", "pk": 18, "fields": {"name": "Can change session", "content_type": 5, "codename": "change_session"}}, {"model": "auth.permission", "pk": 19, "fields": {"name": "Can delete session", "content_type": 5, "codename": "delete_session"}}, {"model": "auth.permission", "pk": 20, "fields": {"name": "Can view session", "content_type": 5, "codename": "view_session"}}, {"model": "auth.permission", "pk": 21, "fields": {"name": "Can add site", "content_type": 6, "codename": "add_site"}}, {"model": "auth.permission", "pk": 22, "fields": {"name": "Can change site", "content_type": 6, "codename": "change_site"}}, {"model": "auth.permission", "pk": 23, "fields": {"name": "Can delete site", "content_type": 6, "codename": "delete_site"}}, {"model": "auth.permission", "pk": 24, "fields": {"name": "Can view site", "content_type": 6, "codename": "view_site"}}, {"model": "auth.permission", "pk": 25, "fields": {"name": "Can add log entry", "content_type": 7, "codename": "add_logentry"}}, {"model": "auth.permission", "pk": 26, "fields": {"name": "Can change log entry", "content_type": 7, "codename": "change_logentry"}}, {"model": "auth.permission", "pk": 27, "fields": {"name": "Can delete log entry", "content_type": 7, "codename": "delete_logentry"}}, {"model": "auth.permission", "pk": 28, "fields": {"name": "Can view log entry", "content_type": 7, "codename": "view_logentry"}}, {"model": "auth.permission", "pk": 29, "fields": {"name": "Can add область КПЭ", "content_type": 8, "codename": "add_kpiarea"}}, {"model": "auth.permission", "pk": 30, "fields": {"name": "Can change область КПЭ", "content_type": 8, "codename": "change_kpiarea"}}, {"model": "auth.permission", "pk": 31, "fields": {"name": "Can delete область КПЭ", "content_type": 8, "codename": "delete_kpiarea"}}, {"model": "auth.permission", "pk": 32, "fields": {"name": "Can view область КПЭ", "content_type": 8, "codename": "view_kpiarea"}}, {"model": "auth.permission", "pk": 33, "fields": {"name": "Can add показатель КПЭ", "content_type": 9, "codename": "add_kpiindex"}}, {"model": "auth.permission", "pk": 34, "fields": {"name": "Can change показатель КПЭ", "content_type": 9, "codename": "change_kpiindex"}}, {"model": "auth.permission", "pk": 35, "fields": {"name": "Can delete показатель КПЭ", "content_type": 9, "codename": "delete_kpiindex"}}, {"model": "auth.permission", "pk": 36, "fields": {"name": "Can view показатель КПЭ", "content_type": 9, "codename": "view_kpiindex"}}, {"model": "auth.permission", "pk": 37, "fields": {"name": "Can add значение показателя КПЭ", "content_type": 10, "codename": "add_kpientry"}}, {"model": "auth.permission", "pk": 38, "fields": {"name": "Can change значение показателя КПЭ", "content_type": 10, "codename": "change_kpientry"}}, {"model": "auth.permission", "pk": 39, "fields": {"name": "Can delete значение показателя КПЭ", "content_type": 10, "codename": "delete_kpientry"}}, {"model": "auth.permission", "pk": 40, "fields": {"name": "Can view значение показателя КПЭ", "content_type": 10, "codename": "view_kpientry"}}, {"model": "contenttypes.contenttype", "pk": 1, "fields": {"app_label": "users", "model": "user"}}, {"model": "contenttypes.contenttype", "pk": 2, "fields": {"app_label": "auth", "model": "permission"}}, {"model": "contenttypes.contenttype", "pk": 3, "fields": {"app_label": "auth", "model": "group"}}, {"model": "contenttypes.contenttype", "pk": 4, "fields": {"app_label": "contenttypes", "model": "contenttype"}}, {"model": "contenttypes.contenttype", "pk": 5, "fields": {"app_label": "sessions", "model": "session"}}, {"model": "contenttypes.contenttype", "pk": 6, "fields": {"app_label": "sites", "model": "site"}}, {"model": "contenttypes.contenttype", "pk": 7, "fields": {"app_label": "admin", "model": "logentry"}}, {"model": "contenttypes.contenttype", "pk": 8, "fields": {"app_label": "kpi_stats", "model": "kpiarea"}}, {"model": "contenttypes.contenttype", "pk": 9, "fields": {"app_label": "kpi_stats", "model": "kpiindex"}}, {"model": "contenttypes.contenttype", "pk": 10, "fields": {"app_label": "kpi_stats", "model": "kpientry"}}, {"model": "sessions.session", "pk": "ffhd4ab5s4pi79go2p3mfpueha31tpae", "fields": {"session_data": ".eJxVjDsOwjAQBe_iGlmxvf5R0nMGy7ve4ABypDipEHeHSCmgfTPzXiLlba1p67ykqYizUOL0u2GmB7cdlHtut1nS3NZlQrkr8qBdXufCz8vh_h3U3Ou3tobY2AKaxoIRgjXGQdSZmQaGwVkEEwJadGQjBaWVH8Gz51AiABrx_gDcsTeI:1mdzlD:J59kPRKwPSLXemlCKpNgrh48E2_CU70vih2Cf4-egRc", "expire_date": "2021-11-05T18:59:23.301Z"}}, {"model": "sites.site", "pk": 1, "fields": {"domain": "accenture_case.test", "name": "accenture_case"}}, {"model": "admin.logentry", "pk": 1, "fields": {"action_time": "2021-10-22T18:59:38.189Z", "user": 1, "content_type": 8, "object_id": "1", "object_repr": "приём заказов", "action_flag": 1, "change_message": "[{\"added\": {}}]"}}, {"model": "admin.logentry", "pk": 2, "fields": {"action_time": "2021-10-22T18:59:44.723Z", "user": 1, "content_type": 8, "object_id": "2", "object_repr": "управление квотами", "action_flag": 1, "change_message": "[{\"added\": {}}]"}}, {"model": "admin.logentry", "pk": 3, "fields": {"action_time": "2021-10-22T18:59:52.449Z", "user": 1, "content_type": 8, "object_id": "3", "object_repr": "календарное планирование", "action_flag": 1, "change_message": "[{\"added\": {}}]"}}, {"model": "admin.logentry", "pk": 4, "fields": {"action_time": "2021-10-22T18:59:59.333Z", "user": 1, "content_type": 8, "object_id": "4", "object_repr": "комбинирование заказов", "action_flag": 1, "change_message": "[{\"added\": {}}]"}}, {"model": "admin.logentry", "pk": 5, "fields": {"action_time": "2021-10-22T19:00:02.948Z", "user": 1, "content_type": 8, "object_id": "4", "object_repr": "комбинирование заказов", "action_flag": 2, "change_message": "[]"}}, {"model": "admin.logentry", "pk": 6, "fields": {"action_time": "2021-10-22T19:00:13.308Z", "user": 1, "content_type": 8, "object_id": "5", "object_repr": "графикование конверторов", "action_flag": 1, "change_message": "[{\"added\": {}}]"}}, {"model": "admin.logentry", "pk": 7, "fields": {"action_time": "2021-10-22T19:00:25.130Z", "user": 1, "content_type": 8, "object_id": "6", "object_repr": "графикование горячих цехов", "action_flag": 1, "change_message": "[{\"added\": {}}]"}}, {"model": "admin.logentry", "pk": 8, "fields": {"action_time": "2021-10-22T19:00:37.781Z", "user": 1, "content_type": 8, "object_id": "7", "object_repr": "составление сменно-суточных заданий", "action_flag": 1, "change_message": "[{\"added\": {}}]"}}, {"model": "admin.logentry", "pk": 9, "fields": {"action_time": "2021-10-22T19:01:34.699Z", "user": 1, "content_type": 9, "object_id": "1", "object_repr": "Заказы не прошедшие проверку на техническую исполнимость", "action_flag": 1, "change_message": "[{\"added\": {}}]"}}, {"model": "admin.logentry", "pk": 10, "fields": {"action_time": "2021-10-22T19:03:07.798Z", "user": 1, "content_type": 9, "object_id": "1", "object_repr": "Заказы не прошедшие проверку на техническую исполнимость", "action_flag": 2, "change_message": "[{\"changed\": {\"fields\": [\"\\u0426\\u0435\\u043b\\u0435\\u0432\\u043e\\u0435 \\u0437\\u043d\\u0430\\u0447\\u0435\\u043d\\u0438\\u0435 \\u0434\\u043e\\u043b\\u0436\\u043d\\u043e \\u0431\\u044b\\u0442\\u044c \\u0431\\u043e\\u043b\\u044c\\u0448\\u0435?\"]}}]"}}, {"model": "admin.logentry", "pk": 11, "fields": {"action_time": "2021-10-22T19:03:53.796Z", "user": 1, "content_type": 9, "object_id": "2", "object_repr": "% заполнения квот", "action_flag": 1, "change_message": "[{\"added\": {}}]"}}, {"model": "admin.logentry", "pk": 12, "fields": {"action_time": "2021-10-22T19:04:31.306Z", "user": 1, "content_type": 9, "object_id": "3", "object_repr": "загрузка оборудования", "action_flag": 1, "change_message": "[{\"added\": {}}]"}}, {"model": "admin.logentry", "pk": 13, "fields": {"action_time": "2021-10-22T19:33:10.371Z", "user": 1, "content_type": 8, "object_id": "7", "object_repr": "составление сменно-суточных заданий", "action_flag": 3, "change_message": ""}}, {"model": "admin.logentry", "pk": 14, "fields": {"action_time": "2021-10-22T19:33:10.373Z", "user": 1, "content_type": 8, "object_id": "6", "object_repr": "графикование горячих цехов", "action_flag": 3, "change_message": ""}}, {"model": "admin.logentry", "pk": 15, "fields": {"action_time": "2021-10-22T19:33:10.374Z", "user": 1, "content_type": 8, "object_id": "5", "object_repr": "графикование конверторов", "action_flag": 3, "change_message": ""}}, {"model": "admin.logentry", "pk": 16, "fields": {"action_time": "2021-10-22T19:33:10.375Z", "user": 1, "content_type": 8, "object_id": "4", "object_repr": "комбинирование заказов", "action_flag": 3, "change_message": ""}}, {"model": "admin.logentry", "pk": 17, "fields": {"action_time": "2021-10-22T19:34:05.423Z", "user": 1, "content_type": 9, "object_id": "4", "object_repr": "плановый OTIF", "action_flag": 1, "change_message": "[{\"added\": {}}]"}}, {"model": "admin.logentry", "pk": 18, "fields": {"action_time": "2021-10-22T19:36:00.367Z", "user": 1, "content_type": 9, "object_id": "2", "object_repr": "% заполнения квот", "action_flag": 2, "change_message": "[{\"changed\": {\"fields\": [\"\\u041e\\u0431\\u043b\\u0430\\u0441\\u0442\\u044c \\u041a\\u041f\\u042d\"]}}]"}}, {"model": "admin.logentry", "pk": 19, "fields": {"action_time": "2021-10-22T19:36:04.953Z", "user": 1, "content_type": 9, "object_id": "3", "object_repr": "загрузка оборудования", "action_flag": 2, "change_message": "[{\"changed\": {\"fields\": [\"\\u041e\\u0431\\u043b\\u0430\\u0441\\u0442\\u044c \\u041a\\u041f\\u042d\"]}}]"}}, {"model": "admin.logentry", "pk": 20, "fields": {"action_time": "2021-10-22T19:36:08.078Z", "user": 1, "content_type": 9, "object_id": "4", "object_repr": "плановый OTIF", "action_flag": 2, "change_message": "[{\"changed\": {\"fields\": [\"\\u041e\\u0431\\u043b\\u0430\\u0441\\u0442\\u044c \\u041a\\u041f\\u042d\"]}}]"}}, {"model": "admin.logentry", "pk": 21, "fields": {"action_time": "2021-10-22T19:37:16.477Z", "user": 1, "content_type": 9, "object_id": "5", "object_repr": "Нарушение уровней запасов", "action_flag": 1, "change_message": "[{\"added\": {}}]"}}, {"model": "admin.logentry", "pk": 22, "fields": {"action_time": "2021-10-22T19:37:45.974Z", "user": 1, "content_type": 9, "object_id": "6", "object_repr": "Загрузка кампаний", "action_flag": 1, "change_message": "[{\"added\": {}}]"}}, {"model": "admin.logentry", "pk": 23, "fields": {"action_time": "2021-10-22T19:38:29.932Z", "user": 1, "content_type": 9, "object_id": "7", "object_repr": "Обязательный горячий посад , %", "action_flag": 1, "change_message": "[{\"added\": {}}]"}}, {"model": "admin.logentry", "pk": 24, "fields": {"action_time": "2021-10-22T19:38:37.296Z", "user": 1, "content_type": 9, "object_id": "4", "object_repr": "Плановый OTIF", "action_flag": 2, "change_message": "[{\"changed\": {\"fields\": [\"\\u041d\\u0430\\u0437\\u0432\\u0430\\u043d\\u0438\\u0435\"]}}]"}}, {"model": "admin.logentry", "pk": 25, "fields": {"action_time": "2021-10-22T19:38:40.646Z", "user": 1, "content_type": 9, "object_id": "3", "object_repr": "Загрузка оборудования", "action_flag": 2, "change_message": "[{\"changed\": {\"fields\": [\"\\u041d\\u0430\\u0437\\u0432\\u0430\\u043d\\u0438\\u0435\"]}}]"}}, {"model": "admin.logentry", "pk": 26, "fields": {"action_time": "2021-10-22T19:39:17.141Z", "user": 1, "content_type": 10, "object_id": "1", "object_repr": "2% Заказы не прошедшие проверку на техническую исполнимость 2021-09-30", "action_flag": 1, "change_message": "[{\"added\": {}}]"}}, {"model": "admin.logentry", "pk": 27, "fields": {"action_time": "2021-10-22T19:39:34.711Z", "user": 1, "content_type": 10, "object_id": "1", "object_repr": "2% Заказы не прошедшие проверку на техническую исполнимость 2021-09-30", "action_flag": 2, "change_message": "[]"}}, {"model": "admin.logentry", "pk": 28, "fields": {"action_time": "2021-10-22T19:39:52.269Z", "user": 1, "content_type": 10, "object_id": "2", "object_repr": "1% Заказы не прошедшие проверку на техническую исполнимость 2021-10-01", "action_flag": 1, "change_message": "[{\"added\": {}}]"}}, {"model": "admin.logentry", "pk": 29, "fields": {"action_time": "2021-10-22T19:40:18.439Z", "user": 1, "content_type": 10, "object_id": "3", "object_repr": "3% Заказы не прошедшие проверку на техническую исполнимость 2021-10-04", "action_flag": 1, "change_message": "[{\"added\": {}}]"}}, {"model": "admin.logentry", "pk": 30, "fields": {"action_time": "2021-10-22T19:40:29.867Z", "user": 1, "content_type": 10, "object_id": "4", "object_repr": "2% Заказы не прошедшие проверку на техническую исполнимость 2021-10-05", "action_flag": 1, "change_message": "[{\"added\": {}}]"}}, {"model": "admin.logentry", "pk": 31, "fields": {"action_time": "2021-10-22T19:40:40.757Z", "user": 1, "content_type": 10, "object_id": "5", "object_repr": "2% Заказы не прошедшие проверку на техническую исполнимость 2021-10-06", "action_flag": 1, "change_message": "[{\"added\": {}}]"}}, {"model": "admin.logentry", "pk": 32, "fields": {"action_time": "2021-10-22T19:53:11.427Z", "user": 1, "content_type": 10, "object_id": "6", "object_repr": "65% % заполнения квот 2021-09-30", "action_flag": 1, "change_message": "[{\"added\": {}}]"}}, {"model": "admin.logentry", "pk": 33, "fields": {"action_time": "2021-10-22T19:53:23.073Z", "user": 1, "content_type": 10, "object_id": "7", "object_repr": "66% % заполнения квот 2021-10-01", "action_flag": 1, "change_message": "[{\"added\": {}}]"}}, {"model": "admin.logentry", "pk": 34, "fields": {"action_time": "2021-10-22T19:53:31.703Z", "user": 1, "content_type": 10, "object_id": "8", "object_repr": "66% % заполнения квот 2021-10-04", "action_flag": 1, "change_message": "[{\"added\": {}}]"}}, {"model": "admin.logentry", "pk": 35, "fields": {"action_time": "2021-10-22T19:53:38.744Z", "user": 1, "content_type": 10, "object_id": "9", "object_repr": "73% % заполнения квот 2021-10-05", "action_flag": 1, "change_message": "[{\"added\": {}}]"}}, {"model": "admin.logentry", "pk": 36, "fields": {"action_time": "2021-10-22T19:53:55.400Z", "user": 1, "content_type": 10, "object_id": "10", "object_repr": "71% % заполнения квот 2021-10-06", "action_flag": 1, "change_message": "[{\"added\": {}}]"}}, {"model": "admin.logentry", "pk": 37, "fields": {"action_time": "2021-10-22T20:03:08.374Z", "user": 1, "content_type": 10, "object_id": "11", "object_repr": "15% Нарушение уровней запасов 2021-09-30", "action_flag": 1, "change_message": "[{\"added\": {}}]"}}, {"model": "admin.logentry", "pk": 38, "fields": {"action_time": "2021-10-22T20:03:15.749Z", "user": 1, "content_type": 10, "object_id": "12", "object_repr": "20% Нарушение уровней запасов 2021-10-01", "action_flag": 1, "change_message": "[{\"added\": {}}]"}}, {"model": "admin.logentry", "pk": 39, "fields": {"action_time": "2021-10-22T20:03:22.903Z", "user": 1, "content_type": 10, "object_id": "13", "object_repr": "21% Нарушение уровней запасов 2021-10-04", "action_flag": 1, "change_message": "[{\"added\": {}}]"}}, {"model": "admin.logentry", "pk": 40, "fields": {"action_time": "2021-10-22T20:03:36.044Z", "user": 1, "content_type": 10, "object_id": "14", "object_repr": "22% Нарушение уровней запасов 2021-10-05", "action_flag": 1, "change_message": "[{\"added\": {}}]"}}, {"model": "admin.logentry", "pk": 41, "fields": {"action_time": "2021-10-22T20:03:45.483Z", "user": 1, "content_type": 10, "object_id": "15", "object_repr": "15% Нарушение уровней запасов 2021-10-06", "action_flag": 1, "change_message": "[{\"added\": {}}]"}}, {"model": "admin.logentry", "pk": 42, "fields": {"action_time": "2021-10-22T20:03:57.987Z", "user": 1, "content_type": 10, "object_id": "16", "object_repr": "75% Загрузка кампаний 2021-09-30", "action_flag": 1, "change_message": "[{\"added\": {}}]"}}, {"model": "admin.logentry", "pk": 43, "fields": {"action_time": "2021-10-22T20:04:05.339Z", "user": 1, "content_type": 10, "object_id": "17", "object_repr": "80% Загрузка кампаний 2021-10-01", "action_flag": 1, "change_message": "[{\"added\": {}}]"}}, {"model": "admin.logentry", "pk": 44, "fields": {"action_time": "2021-10-22T20:04:13.055Z", "user": 1, "content_type": 10, "object_id": "18", "object_repr": "85% Загрузка кампаний 2021-10-04", "action_flag": 1, "change_message": "[{\"added\": {}}]"}}, {"model": "admin.logentry", "pk": 45, "fields": {"action_time": "2021-10-22T20:04:21.203Z", "user": 1, "content_type": 10, "object_id": "19", "object_repr": "90% Загрузка кампаний 2021-10-05", "action_flag": 1, "change_message": "[{\"added\": {}}]"}}, {"model": "admin.logentry", "pk": 46, "fields": {"action_time": "2021-10-22T20:04:29.645Z", "user": 1, "content_type": 10, "object_id": "20", "object_repr": "86% Загрузка кампаний 2021-10-06", "action_flag": 1, "change_message": "[{\"added\": {}}]"}}, {"model": "admin.logentry", "pk": 47, "fields": {"action_time": "2021-10-22T20:04:43.006Z", "user": 1, "content_type": 10, "object_id": "21", "object_repr": "27% Обязательный горячий посад , % 2021-09-30", "action_flag": 1, "change_message": "[{\"added\": {}}]"}}, {"model": "admin.logentry", "pk": 48, "fields": {"action_time": "2021-10-22T20:04:50.617Z", "user": 1, "content_type": 10, "object_id": "22", "object_repr": "17% Обязательный горячий посад , % 2021-10-01", "action_flag": 1, "change_message": "[{\"added\": {}}]"}}, {"model": "admin.logentry", "pk": 49, "fields": {"action_time": "2021-10-22T20:04:59.462Z", "user": 1, "content_type": 10, "object_id": "23", "object_repr": "27% Обязательный горячий посад , % 2021-10-04", "action_flag": 1, "change_message": "[{\"added\": {}}]"}}, {"model": "admin.logentry", "pk": 50, "fields": {"action_time": "2021-10-22T20:05:13.188Z", "user": 1, "content_type": 10, "object_id": "24", "object_repr": "29% Обязательный горячий посад , % 2021-10-05", "action_flag": 1, "change_message": "[{\"added\": {}}]"}}, {"model": "admin.logentry", "pk": 51, "fields": {"action_time": "2021-10-22T20:05:19.076Z", "user": 1, "content_type": 10, "object_id": "25", "object_repr": "27% Обязательный горячий посад , % 2021-10-06", "action_flag": 1, "change_message": "[{\"added\": {}}]"}}, {"model": "admin.logentry", "pk": 52, "fields": {"action_time": "2021-10-22T20:05:27.891Z", "user": 1, "content_type": 10, "object_id": "26", "object_repr": "91% Плановый OTIF 2021-09-30", "action_flag": 1, "change_message": "[{\"added\": {}}]"}}, {"model": "admin.logentry", "pk": 53, "fields": {"action_time": "2021-10-22T20:05:36.747Z", "user": 1, "content_type": 10, "object_id": "27", "object_repr": "91% Плановый OTIF 2021-10-01", "action_flag": 1, "change_message": "[{\"added\": {}}]"}}, {"model": "admin.logentry", "pk": 54, "fields": {"action_time": "2021-10-22T20:05:44.349Z", "user": 1, "content_type": 10, "object_id": "28", "object_repr": "91% Плановый OTIF 2021-10-04", "action_flag": 1, "change_message": "[{\"added\": {}}]"}}, {"model": "admin.logentry", "pk": 55, "fields": {"action_time": "2021-10-22T20:05:54.063Z", "user": 1, "content_type": 10, "object_id": "29", "object_repr": "90% Плановый OTIF 2021-10-05", "action_flag": 1, "change_message": "[{\"added\": {}}]"}}, {"model": "admin.logentry", "pk": 56, "fields": {"action_time": "2021-10-22T20:06:04.582Z", "user": 1, "content_type": 10, "object_id": "30", "object_repr": "88% Обязательный горячий посад , % 2021-10-06", "action_flag": 1, "change_message": "[{\"added\": {}}]"}}, {"model": "admin.logentry", "pk": 57, "fields": {"action_time": "2021-10-22T20:06:14.972Z", "user": 1, "content_type": 10, "object_id": "31", "object_repr": "87% Загрузка оборудования 2021-09-30", "action_flag": 1, "change_message": "[{\"added\": {}}]"}}, {"model": "admin.logentry", "pk": 58, "fields": {"action_time": "2021-10-22T20:06:27.219Z", "user": 1, "content_type": 10, "object_id": "32", "object_repr": "85% Загрузка оборудования 2021-10-01", "action_flag": 1, "change_message": "[{\"added\": {}}]"}}, {"model": "admin.logentry", "pk": 59, "fields": {"action_time": "2021-10-22T20:06:37.520Z", "user": 1, "content_type": 10, "object_id": "33", "object_repr": "89% Загрузка оборудования 2021-10-04", "action_flag": 1, "change_message": "[{\"added\": {}}]"}}, {"model": "admin.logentry", "pk": 60, "fields": {"action_time": "2021-10-22T20:06:46.660Z", "user": 1, "content_type": 10, "object_id": "34", "object_repr": "87% Загрузка оборудования 2021-10-05", "action_flag": 1, "change_message": "[{\"added\": {}}]"}}, {"model": "admin.logentry", "pk": 61, "fields": {"action_time": "2021-10-22T20:06:52.200Z", "user": 1, "content_type": 10, "object_id": "35", "object_repr": "83% Загрузка оборудования 2021-10-06", "action_flag": 1, "change_message": "[{\"added\": {}}]"}}, {"model": "admin.logentry", "pk": 62, "fields": {"action_time": "2021-10-23T11:54:34.551Z", "user": 1, "content_type": 8, "object_id": "3", "object_repr": "Календарное планирование", "action_flag": 2, "change_message": "[{\"changed\": {\"fields\": [\"\\u041d\\u0430\\u0437\\u0432\\u0430\\u043d\\u0438\\u0435\"]}}]"}}, {"model": "admin.logentry", "pk": 63, "fields": {"action_time": "2021-10-23T11:54:38.696Z", "user": 1, "content_type": 8, "object_id": "2", "object_repr": "Управление квотами", "action_flag": 2, "change_message": "[{\"changed\": {\"fields\": [\"\\u041d\\u0430\\u0437\\u0432\\u0430\\u043d\\u0438\\u0435\"]}}]"}}, {"model": "admin.logentry", "pk": 64, "fields": {"action_time": "2021-10-23T11:54:42.839Z", "user": 1, "content_type": 8, "object_id": "1", "object_repr": "Приём заказов", "action_flag": 2, "change_message": "[{\"changed\": {\"fields\": [\"\\u041d\\u0430\\u0437\\u0432\\u0430\\u043d\\u0438\\u0435\"]}}]"}}, {"model": "kpi_stats.kpiarea", "pk": 1, "fields": {"name": "Приём заказов"}}, {"model": "kpi_stats.kpiarea", "pk": 2, "fields": {"name": "Управление квотами"}}, {"model": "kpi_stats.kpiarea", "pk": 3, "fields": {"name": "Календарное планирование"}}, {"model": "kpi_stats.kpiindex", "pk": 1, "fields": {"area": 1, "name": "Заказы не прошедшие проверку на техническую исполнимость", "description": "% заказов не прошедших проверку и не загруженных в систему", "target_value": 1, "is_target_value_more": false}}, {"model": "kpi_stats.kpiindex", "pk": 2, "fields": {"area": 2, "name": "% заполнения квот", "description": "Какой объем клиентских квот заполнен реальными заказами", "target_value": 80, "is_target_value_more": true}}, {"model": "kpi_stats.kpiindex", "pk": 3, "fields": {"area": 3, "name": "Загрузка оборудования", "description": "Средний уровень загрузки оборудования по критичным агрегатам за первые 14 дней горизонта", "target_value": 85, "is_target_value_more": true}}, {"model": "kpi_stats.kpiindex", "pk": 4, "fields": {"area": 3, "name": "Плановый OTIF", "description": "% заказов клиентов запланированных в окне  обещания", "target_value": 90, "is_target_value_more": true}}, {"model": "kpi_stats.kpiindex", "pk": 5, "fields": {"area": 3, "name": "Нарушение уровней запасов", "description": "% случаев , когда в ближайшие 14 дней нарушается минимальный или максимальный уровень запасов на складе", "target_value": 15, "is_target_value_more": false}}, {"model": "kpi_stats.kpiindex", "pk": 6, "fields": {"area": 3, "name": "Загрузка кампаний", "description": "Уровень заполнения ручных кампаний при планировании", "target_value": 80, "is_target_value_more": true}}, {"model": "kpi_stats.kpiindex", "pk": 7, "fields": {"area": 3, "name": "Обязательный горячий посад , %", "description": "% случаев, для которых выполняется требование по горячему посаду – передача в обработку неостывшего металла", "target_value": 80, "is_target_value_more": true}}, {"model": "kpi_stats.kpientry", "pk": 1, "fields": {"index": 1, "date": "2021-09-30", "value": 2}}, {"model": "kpi_stats.kpientry", "pk": 2, "fields": {"index": 1, "date": "2021-10-01", "value": 1}}, {"model": "kpi_stats.kpientry", "pk": 3, "fields": {"index": 1, "date": "2021-10-04", "value": 3}}, {"model": "kpi_stats.kpientry", "pk": 4, "fields": {"index": 1, "date": "2021-10-05", "value": 2}}, {"model": "kpi_stats.kpientry", "pk": 5, "fields": {"index": 1, "date": "2021-10-06", "value": 2}}, {"model": "kpi_stats.kpientry", "pk": 6, "fields": {"index": 2, "date": "2021-09-30", "value": 65}}, {"model": "kpi_stats.kpientry", "pk": 7, "fields": {"index": 2, "date": "2021-10-01", "value": 66}}, {"model": "kpi_stats.kpientry", "pk": 8, "fields": {"index": 2, "date": "2021-10-04", "value": 66}}, {"model": "kpi_stats.kpientry", "pk": 9, "fields": {"index": 2, "date": "2021-10-05", "value": 73}}, {"model": "kpi_stats.kpientry", "pk": 10, "fields": {"index": 2, "date": "2021-10-06", "value": 71}}, {"model": "kpi_stats.kpientry", "pk": 11, "fields": {"index": 5, "date": "2021-09-30", "value": 15}}, {"model": "kpi_stats.kpientry", "pk": 12, "fields": {"index": 5, "date": "2021-10-01", "value": 20}}, {"model": "kpi_stats.kpientry", "pk": 13, "fields": {"index": 5, "date": "2021-10-04", "value": 21}}, {"model": "kpi_stats.kpientry", "pk": 14, "fields": {"index": 5, "date": "2021-10-05", "value": 22}}, {"model": "kpi_stats.kpientry", "pk": 15, "fields": {"index": 5, "date": "2021-10-06", "value": 15}}, {"model": "kpi_stats.kpientry", "pk": 16, "fields": {"index": 6, "date": "2021-09-30", "value": 75}}, {"model": "kpi_stats.kpientry", "pk": 17, "fields": {"index": 6, "date": "2021-10-01", "value": 80}}, {"model": "kpi_stats.kpientry", "pk": 18, "fields": {"index": 6, "date": "2021-10-04", "value": 85}}, {"model": "kpi_stats.kpientry", "pk": 19, "fields": {"index": 6, "date": "2021-10-05", "value": 90}}, {"model": "kpi_stats.kpientry", "pk": 20, "fields": {"index": 6, "date": "2021-10-06", "value": 86}}, {"model": "kpi_stats.kpientry", "pk": 21, "fields": {"index": 7, "date": "2021-09-30", "value": 27}}, {"model": "kpi_stats.kpientry", "pk": 22, "fields": {"index": 7, "date": "2021-10-01", "value": 17}}, {"model": "kpi_stats.kpientry", "pk": 23, "fields": {"index": 7, "date": "2021-10-04", "value": 27}}, {"model": "kpi_stats.kpientry", "pk": 24, "fields": {"index": 7, "date": "2021-10-05", "value": 29}}, {"model": "kpi_stats.kpientry", "pk": 25, "fields": {"index": 7, "date": "2021-10-06", "value": 27}}, {"model": "kpi_stats.kpientry", "pk": 26, "fields": {"index": 4, "date": "2021-09-30", "value": 91}}, {"model": "kpi_stats.kpientry", "pk": 27, "fields": {"index": 4, "date": "2021-10-01", "value": 91}}, {"model": "kpi_stats.kpientry", "pk": 28, "fields": {"index": 4, "date": "2021-10-04", "value": 91}}, {"model": "kpi_stats.kpientry", "pk": 29, "fields": {"index": 4, "date": "2021-10-05", "value": 90}}, {"model": "kpi_stats.kpientry", "pk": 30, "fields": {"index": 7, "date": "2021-10-06", "value": 88}}, {"model": "kpi_stats.kpientry", "pk": 31, "fields": {"index": 3, "date": "2021-09-30", "value": 87}}, {"model": "kpi_stats.kpientry", "pk": 32, "fields": {"index": 3, "date": "2021-10-01", "value": 85}}, {"model": "kpi_stats.kpientry", "pk": 33, "fields": {"index": 3, "date": "2021-10-04", "value": 89}}, {"model": "kpi_stats.kpientry", "pk": 34, "fields": {"index": 3, "date": "2021-10-05", "value": 87}}, {"model": "kpi_stats.kpientry", "pk": 35, "fields": {"index": 3, "date": "2021-10-06", "value": 83}}, {"model": "kpi_stats.kpientry", "pk": 36, "fields": {"index": 3, "date": "2021-09-08", "value": 84}}, {"model": "kpi_stats.kpientry", "pk": 37, "fields": {"index": 3, "date": "2021-09-09", "value": 81}}, {"model": "kpi_stats.kpientry", "pk": 38, "fields": {"index": 3, "date": "2021-09-10", "value": 87}}, {"model": "kpi_stats.kpientry", "pk": 39, "fields": {"index": 3, "date": "2021-09-11", "value": 88}}, {"model": "kpi_stats.kpientry", "pk": 40, "fields": {"index": 3, "date": "2021-09-12", "value": 84}}, {"model": "kpi_stats.kpientry", "pk": 41, "fields": {"index": 3, "date": "2021-09-13", "value": 81}}, {"model": "kpi_stats.kpientry", "pk": 42, "fields": {"index": 3, "date": "2021-09-14", "value": 88}}, {"model": "kpi_stats.kpientry", "pk": 43, "fields": {"index": 3, "date": "2021-09-15", "value": 88}}, {"model": "kpi_stats.kpientry", "pk": 44, "fields": {"index": 3, "date": "2021-09-16", "value": 88}}, {"model": "kpi_stats.kpientry", "pk": 45, "fields": {"index": 3, "date": "2021-09-17", "value": 88}}, {"model": "kpi_stats.kpientry", "pk": 46, "fields": {"index": 3, "date": "2021-09-18", "value": 83}}, {"model": "kpi_stats.kpientry", "pk": 47, "fields": {"index": 3, "date": "2021-09-19", "value": 85}}, {"model": "kpi_stats.kpientry", "pk": 48, "fields": {"index": 3, "date": "2021-09-20", "value": 84}}, {"model": "kpi_stats.kpientry", "pk": 49, "fields": {"index": 3, "date": "2021-09-21", "value": 83}}, {"model": "kpi_stats.kpientry", "pk": 50, "fields": {"index": 3, "date": "2021-09-22", "value": 87}}, {"model": "kpi_stats.kpientry", "pk": 51, "fields": {"index": 3, "date": "2021-09-23", "value": 82}}, {"model": "kpi_stats.kpientry", "pk": 52, "fields": {"index": 3, "date": "2021-09-24", "value": 87}}, {"model": "kpi_stats.kpientry", "pk": 53, "fields": {"index": 3, "date": "2021-09-25", "value": 85}}, {"model": "kpi_stats.kpientry", "pk": 54, "fields": {"index": 3, "date": "2021-09-26", "value": 84}}, {"model": "kpi_stats.kpientry", "pk": 55, "fields": {"index": 3, "date": "2021-09-27", "value": 86}}, {"model": "kpi_stats.kpientry", "pk": 56, "fields": {"index": 3, "date": "2021-09-28", "value": 88}}]