[{"model": "kpi_stats.kpiarea", "pk": 1, "fields": {"name": "приём заказов"}}, {"model": "kpi_stats.kpiarea", "pk": 2, "fields": {"name": "управление квотами"}}, {"model": "kpi_stats.kpiarea", "pk": 3, "fields": {"name": "календарное планирование"}}, {"model": "kpi_stats.kpiindex", "pk": 1, "fields": {"area": 1, "name": "Заказы не прошедшие проверку на техническую исполнимость", "description": "% заказов не прошедших проверку и не загруженных в систему", "target_value": 1, "is_target_value_more": false}}, {"model": "kpi_stats.kpiindex", "pk": 2, "fields": {"area": 2, "name": "% заполнения квот", "description": "Какой объем клиентских квот заполнен реальными заказами", "target_value": 80, "is_target_value_more": true}}, {"model": "kpi_stats.kpiindex", "pk": 3, "fields": {"area": 3, "name": "Загрузка оборудования", "description": "Средний уровень загрузки оборудования по критичным агрегатам за первые 14 дней горизонта", "target_value": 85, "is_target_value_more": true}}, {"model": "kpi_stats.kpiindex", "pk": 4, "fields": {"area": 3, "name": "Плановый OTIF", "description": "% заказов клиентов запланированных в окне  обещания", "target_value": 90, "is_target_value_more": true}}, {"model": "kpi_stats.kpiindex", "pk": 5, "fields": {"area": 3, "name": "Нарушение уровней запасов", "description": "% случаев , когда в ближайшие 14 дней нарушается минимальный или максимальный уровень запасов на складе", "target_value": 15, "is_target_value_more": false}}, {"model": "kpi_stats.kpiindex", "pk": 6, "fields": {"area": 3, "name": "Загрузка кампаний", "description": "Уровень заполнения ручных кампаний при планировании", "target_value": 80, "is_target_value_more": true}}, {"model": "kpi_stats.kpiindex", "pk": 7, "fields": {"area": 3, "name": "Обязательный горячий посад , %", "description": "% случаев, для которых выполняется требование по горячему посаду – передача в обработку неостывшего металла", "target_value": 80, "is_target_value_more": true}}, {"model": "kpi_stats.kpientry", "pk": 1, "fields": {"index": 1, "date": "2021-09-30", "value": 2}}, {"model": "kpi_stats.kpientry", "pk": 2, "fields": {"index": 1, "date": "2021-10-01", "value": 1}}, {"model": "kpi_stats.kpientry", "pk": 3, "fields": {"index": 1, "date": "2021-10-04", "value": 3}}, {"model": "kpi_stats.kpientry", "pk": 4, "fields": {"index": 1, "date": "2021-10-05", "value": 2}}, {"model": "kpi_stats.kpientry", "pk": 5, "fields": {"index": 1, "date": "2021-10-06", "value": 2}}, {"model": "kpi_stats.kpientry", "pk": 6, "fields": {"index": 2, "date": "2021-09-30", "value": 65}}, {"model": "kpi_stats.kpientry", "pk": 7, "fields": {"index": 2, "date": "2021-10-01", "value": 66}}, {"model": "kpi_stats.kpientry", "pk": 8, "fields": {"index": 2, "date": "2021-10-04", "value": 66}}, {"model": "kpi_stats.kpientry", "pk": 9, "fields": {"index": 2, "date": "2021-10-05", "value": 73}}, {"model": "kpi_stats.kpientry", "pk": 10, "fields": {"index": 2, "date": "2021-10-06", "value": 71}}, {"model": "kpi_stats.kpientry", "pk": 11, "fields": {"index": 5, "date": "2021-09-30", "value": 15}}, {"model": "kpi_stats.kpientry", "pk": 12, "fields": {"index": 5, "date": "2021-10-01", "value": 20}}, {"model": "kpi_stats.kpientry", "pk": 13, "fields": {"index": 5, "date": "2021-10-04", "value": 21}}, {"model": "kpi_stats.kpientry", "pk": 14, "fields": {"index": 5, "date": "2021-10-05", "value": 22}}, {"model": "kpi_stats.kpientry", "pk": 15, "fields": {"index": 5, "date": "2021-10-06", "value": 15}}, {"model": "kpi_stats.kpientry", "pk": 16, "fields": {"index": 6, "date": "2021-09-30", "value": 75}}, {"model": "kpi_stats.kpientry", "pk": 17, "fields": {"index": 6, "date": "2021-10-01", "value": 80}}, {"model": "kpi_stats.kpientry", "pk": 18, "fields": {"index": 6, "date": "2021-10-04", "value": 85}}, {"model": "kpi_stats.kpientry", "pk": 19, "fields": {"index": 6, "date": "2021-10-05", "value": 90}}, {"model": "kpi_stats.kpientry", "pk": 20, "fields": {"index": 6, "date": "2021-10-06", "value": 86}}, {"model": "kpi_stats.kpientry", "pk": 21, "fields": {"index": 7, "date": "2021-09-30", "value": 27}}, {"model": "kpi_stats.kpientry", "pk": 22, "fields": {"index": 7, "date": "2021-10-01", "value": 17}}, {"model": "kpi_stats.kpientry", "pk": 23, "fields": {"index": 7, "date": "2021-10-04", "value": 27}}, {"model": "kpi_stats.kpientry", "pk": 24, "fields": {"index": 7, "date": "2021-10-05", "value": 29}}, {"model": "kpi_stats.kpientry", "pk": 25, "fields": {"index": 7, "date": "2021-10-06", "value": 27}}, {"model": "kpi_stats.kpientry", "pk": 26, "fields": {"index": 4, "date": "2021-09-30", "value": 91}}, {"model": "kpi_stats.kpientry", "pk": 27, "fields": {"index": 4, "date": "2021-10-01", "value": 91}}, {"model": "kpi_stats.kpientry", "pk": 28, "fields": {"index": 4, "date": "2021-10-04", "value": 91}}, {"model": "kpi_stats.kpientry", "pk": 29, "fields": {"index": 4, "date": "2021-10-05", "value": 90}}, {"model": "kpi_stats.kpientry", "pk": 30, "fields": {"index": 7, "date": "2021-10-06", "value": 88}}, {"model": "kpi_stats.kpientry", "pk": 31, "fields": {"index": 3, "date": "2021-09-30", "value": 87}}, {"model": "kpi_stats.kpientry", "pk": 32, "fields": {"index": 3, "date": "2021-10-01", "value": 85}}, {"model": "kpi_stats.kpientry", "pk": 33, "fields": {"index": 3, "date": "2021-10-04", "value": 89}}, {"model": "kpi_stats.kpientry", "pk": 34, "fields": {"index": 3, "date": "2021-10-05", "value": 87}}, {"model": "kpi_stats.kpientry", "pk": 35, "fields": {"index": 3, "date": "2021-10-06", "value": 83}}]